<annotation>
  <folder></folder>
  <filename>00000120.jpg</filename>
  <source>
    <database>Unknown</database>
    <annotation>Unknown</annotation>
    <image>Unknown</image>
  </source>
  <size>
    <width>736</width>
    <height>1104</height>
    <depth></depth>
  </size>
  <segmented>0</segmented>
  <object>
    <name>Face</name>
    <truncated>0</truncated>
    <occluded>0</occluded>
    <difficult>0</difficult>
    <bndbox>
      <xmin>359.35</xmin>
      <ymin>278.97</ymin>
      <xmax>454.25</xmax>
      <ymax>408.74</ymax>
    </bndbox>
    <attributes>
      <attribute>
        <name>rotation</name>
        <value>0.0</value>
      </attribute>
    </attributes>
  </object>
</annotation>
