<annotation>
  <folder></folder>
  <filename>00000770.jpg</filename>
  <source>
    <database>Unknown</database>
    <annotation>Unknown</annotation>
    <image>Unknown</image>
  </source>
  <size>
    <width>590</width>
    <height>396</height>
    <depth></depth>
  </size>
  <segmented>0</segmented>
  <object>
    <name>Face</name>
    <truncated>0</truncated>
    <occluded>0</occluded>
    <difficult>0</difficult>
    <bndbox>
      <xmin>249.5</xmin>
      <ymin>50.59</ymin>
      <xmax>341.2</xmax>
      <ymax>175.65</ymax>
    </bndbox>
    <attributes>
      <attribute>
        <name>rotation</name>
        <value>0.0</value>
      </attribute>
    </attributes>
  </object>
</annotation>
