<annotation>
  <folder></folder>
  <filename>00000917.jpg</filename>
  <source>
    <database>Unknown</database>
    <annotation>Unknown</annotation>
    <image>Unknown</image>
  </source>
  <size>
    <width>2000</width>
    <height>1375</height>
    <depth></depth>
  </size>
  <segmented>0</segmented>
  <object>
    <name>Face</name>
    <truncated>0</truncated>
    <occluded>0</occluded>
    <difficult>0</difficult>
    <bndbox>
      <xmin>896.21</xmin>
      <ymin>369.85</ymin>
      <xmax>1091.6</xmax>
      <ymax>584.54</ymax>
    </bndbox>
    <attributes>
      <attribute>
        <name>rotation</name>
        <value>0.0</value>
      </attribute>
    </attributes>
  </object>
</annotation>
