<annotation>
  <folder></folder>
  <filename>00000799.jpg</filename>
  <source>
    <database>Unknown</database>
    <annotation>Unknown</annotation>
    <image>Unknown</image>
  </source>
  <size>
    <width>1300</width>
    <height>957</height>
    <depth></depth>
  </size>
  <segmented>0</segmented>
  <object>
    <name>Face</name>
    <truncated>0</truncated>
    <occluded>0</occluded>
    <difficult>0</difficult>
    <bndbox>
      <xmin>306.69</xmin>
      <ymin>104.54</ymin>
      <xmax>451.07</xmax>
      <ymax>282.51</ymax>
    </bndbox>
    <attributes>
      <attribute>
        <name>rotation</name>
        <value>0.0</value>
      </attribute>
    </attributes>
  </object>
</annotation>
